"filename", "language", "JavaScript", "JSON", "CSS", "HTML", "Markdown", "comment", "blank", "total"
"c:\Users\griss\OneDrive\Bureau\KineDoc\client\README.md", "Markdown", 0, 0, 0, 0, 55, 0, 31, 86
"c:\Users\griss\OneDrive\Bureau\KineDoc\client\package-lock.json", "JSON", 0, 17937, 0, 0, 0, 0, 1, 17938
"c:\Users\griss\OneDrive\Bureau\KineDoc\client\package.json", "JSON", 0, 87, 0, 0, 0, 0, 1, 88
"c:\Users\griss\OneDrive\Bureau\KineDoc\client\public\index.html", "HTML", 0, 0, 0, 33, 0, 26, 2, 61
"c:\Users\griss\OneDrive\Bureau\KineDoc\client\public\manifest.json", "JSON", 0, 25, 0, 0, 0, 0, 1, 26
"c:\Users\griss\OneDrive\Bureau\KineDoc\client\src\App.js", "JavaScript", 37, 0, 0, 0, 0, 0, 5, 42
"c:\Users\griss\OneDrive\Bureau\KineDoc\client\src\App.test.js", "JavaScript", 6, 0, 0, 0, 0, 0, 2, 8
"c:\Users\griss\OneDrive\Bureau\KineDoc\client\src\GlobalStyles.js", "JavaScript", 95, 0, 0, 0, 0, 4, 4, 103
"c:\Users\griss\OneDrive\Bureau\KineDoc\client\src\actions\agendas.js", "JavaScript", 88, 0, 0, 0, 0, 0, 9, 97
"c:\Users\griss\OneDrive\Bureau\KineDoc\client\src\actions\appointments.js", "JavaScript", 115, 0, 0, 0, 0, 6, 13, 134
"c:\Users\griss\OneDrive\Bureau\KineDoc\client\src\actions\auth.js", "JavaScript", 22, 0, 0, 0, 0, 0, 3, 25
"c:\Users\griss\OneDrive\Bureau\KineDoc\client\src\actions\chats.js", "JavaScript", 76, 0, 0, 0, 0, 0, 9, 85
"c:\Users\griss\OneDrive\Bureau\KineDoc\client\src\actions\doctors.js", "JavaScript", 70, 0, 0, 0, 0, 0, 8, 78
"c:\Users\griss\OneDrive\Bureau\KineDoc\client\src\actions\etablissements.js", "JavaScript", 50, 0, 0, 0, 0, 0, 5, 55
"c:\Users\griss\OneDrive\Bureau\KineDoc\client\src\actions\events.js", "JavaScript", 12, 0, 0, 0, 0, 0, 1, 13
"c:\Users\griss\OneDrive\Bureau\KineDoc\client\src\actions\patients.js", "JavaScript", 90, 0, 0, 0, 0, 10, 12, 112
"c:\Users\griss\OneDrive\Bureau\KineDoc\client\src\actions\posts.js", "JavaScript", 108, 0, 0, 0, 0, 0, 14, 122
"c:\Users\griss\OneDrive\Bureau\KineDoc\client\src\actions\resas.js", "JavaScript", 84, 0, 0, 0, 0, 0, 11, 95
"c:\Users\griss\OneDrive\Bureau\KineDoc\client\src\actions\settings.js", "JavaScript", 50, 0, 0, 0, 0, 0, 6, 56
"c:\Users\griss\OneDrive\Bureau\KineDoc\client\src\actions\users.js", "JavaScript", 60, 0, 0, 0, 0, 0, 7, 67
"c:\Users\griss\OneDrive\Bureau\KineDoc\client\src\api\index.js", "JavaScript", 91, 0, 0, 0, 0, 4, 16, 111
"c:\Users\griss\OneDrive\Bureau\KineDoc\client\src\constants\actionTypes.js", "JavaScript", 123, 0, 0, 0, 0, 1, 12, 136
"c:\Users\griss\OneDrive\Bureau\KineDoc\client\src\index.js", "JavaScript", 14, 0, 0, 0, 0, 0, 3, 17
"c:\Users\griss\OneDrive\Bureau\KineDoc\client\src\logged_in\components\Appointment\AddAppointment.js", "JavaScript", 351, 0, 0, 0, 0, 5, 18, 374
"c:\Users\griss\OneDrive\Bureau\KineDoc\client\src\logged_in\components\Appointment\Appointment.js", "JavaScript", 386, 0, 0, 0, 0, 5, 21, 412
"c:\Users\griss\OneDrive\Bureau\KineDoc\client\src\logged_in\components\Appointment\AppointmentDetails.js", "JavaScript", 8, 0, 0, 0, 0, 0, 4, 12
"c:\Users\griss\OneDrive\Bureau\KineDoc\client\src\logged_in\components\Appointment\PrintApp.js", "JavaScript", 90, 0, 0, 0, 0, 0, 5, 95
"c:\Users\griss\OneDrive\Bureau\KineDoc\client\src\logged_in\components\Calendar\AddResa.js", "JavaScript", 203, 0, 0, 0, 0, 5, 17, 225
"c:\Users\griss\OneDrive\Bureau\KineDoc\client\src\logged_in\components\Calendar\Calendar.js", "JavaScript", 369, 0, 0, 0, 0, 16, 46, 431
"c:\Users\griss\OneDrive\Bureau\KineDoc\client\src\logged_in\components\Calendar\CalendarContainer.js", "JavaScript", 248, 0, 0, 0, 0, 25, 23, 296
"c:\Users\griss\OneDrive\Bureau\KineDoc\client\src\logged_in\components\Calendar\DialogActionsSelect.js", "JavaScript", 51, 0, 0, 0, 0, 2, 5, 58
"c:\Users\griss\OneDrive\Bureau\KineDoc\client\src\logged_in\components\Calendar\DialogDeleteAppointment.js", "JavaScript", 36, 0, 0, 0, 0, 0, 5, 41
"c:\Users\griss\OneDrive\Bureau\KineDoc\client\src\logged_in\components\Calendar\DialogDeleteResa.js", "JavaScript", 31, 0, 0, 0, 0, 0, 6, 37
"c:\Users\griss\OneDrive\Bureau\KineDoc\client\src\logged_in\components\Calendar\FilterContainer.js", "JavaScript", 173, 0, 0, 0, 0, 8, 12, 193
"c:\Users\griss\OneDrive\Bureau\KineDoc\client\src\logged_in\components\Calendar\NewCalendar.js", "JavaScript", 298, 0, 0, 0, 0, 3, 24, 325
"c:\Users\griss\OneDrive\Bureau\KineDoc\client\src\logged_in\components\Calendar\WeekTimeTableCellComponent.js", "JavaScript", 156, 0, 0, 0, 0, 1, 9, 166
"c:\Users\griss\OneDrive\Bureau\KineDoc\client\src\logged_in\components\Calendar\style.js", "JavaScript", 129, 0, 0, 0, 0, 0, 4, 133
"c:\Users\griss\OneDrive\Bureau\KineDoc\client\src\logged_in\components\Clients\Clients.js", "JavaScript", 12, 0, 0, 0, 0, 0, 4, 16
"c:\Users\griss\OneDrive\Bureau\KineDoc\client\src\logged_in\components\Doctors\AddAgenda.js", "JavaScript", 298, 0, 0, 0, 0, 0, 15, 313
"c:\Users\griss\OneDrive\Bureau\KineDoc\client\src\logged_in\components\Doctors\AddDoctor.js", "JavaScript", 351, 0, 0, 0, 0, 1, 17, 369
"c:\Users\griss\OneDrive\Bureau\KineDoc\client\src\logged_in\components\Doctors\AddEtablissement.js", "JavaScript", 203, 0, 0, 0, 0, 0, 10, 213
"c:\Users\griss\OneDrive\Bureau\KineDoc\client\src\logged_in\components\Doctors\Doctors.js", "JavaScript", 315, 0, 0, 0, 0, 0, 10, 325
"c:\Users\griss\OneDrive\Bureau\KineDoc\client\src\logged_in\components\Doctors\TableConfig.js", "JavaScript", 663, 0, 0, 0, 0, 0, 14, 677
"c:\Users\griss\OneDrive\Bureau\KineDoc\client\src\logged_in\components\Etablissements\Etablissements.js", "JavaScript", 50, 0, 0, 0, 0, 1, 6, 57
"c:\Users\griss\OneDrive\Bureau\KineDoc\client\src\logged_in\components\Event\Events.js", "JavaScript", 208, 0, 0, 0, 0, 2, 12, 222
"c:\Users\griss\OneDrive\Bureau\KineDoc\client\src\logged_in\components\Forms\AddButton.js", "JavaScript", 90, 0, 0, 0, 0, 0, 12, 102
"c:\Users\griss\OneDrive\Bureau\KineDoc\client\src\logged_in\components\Main.js", "JavaScript", 188, 0, 0, 0, 0, 6, 24, 218
"c:\Users\griss\OneDrive\Bureau\KineDoc\client\src\logged_in\components\Messenger\AddMessage.js", "JavaScript", 225, 0, 0, 0, 0, 2, 17, 244
"c:\Users\griss\OneDrive\Bureau\KineDoc\client\src\logged_in\components\Messenger\ChatTab.js", "JavaScript", 153, 0, 0, 0, 0, 0, 8, 161
"c:\Users\griss\OneDrive\Bureau\KineDoc\client\src\logged_in\components\Messenger\Messenger.js", "JavaScript", 248, 0, 0, 0, 0, 0, 17, 265
"c:\Users\griss\OneDrive\Bureau\KineDoc\client\src\logged_in\components\Messenger\MessengerViewMode.js", "JavaScript", 252, 0, 0, 0, 0, 0, 16, 268
"c:\Users\griss\OneDrive\Bureau\KineDoc\client\src\logged_in\components\Patients\AddPatient.js", "JavaScript", 247, 0, 0, 0, 0, 1, 11, 259
"c:\Users\griss\OneDrive\Bureau\KineDoc\client\src\logged_in\components\Patients\FichePatient.js", "JavaScript", 175, 0, 0, 0, 0, 0, 6, 181
"c:\Users\griss\OneDrive\Bureau\KineDoc\client\src\logged_in\components\Patients\Patients.js", "JavaScript", 182, 0, 0, 0, 0, 1, 15, 198
"c:\Users\griss\OneDrive\Bureau\KineDoc\client\src\logged_in\components\Patients\style.js", "JavaScript", 30, 0, 0, 0, 0, 0, 1, 31
"c:\Users\griss\OneDrive\Bureau\KineDoc\client\src\logged_in\components\Profile\Profile.js", "JavaScript", 165, 0, 0, 0, 0, 2, 12, 179
"c:\Users\griss\OneDrive\Bureau\KineDoc\client\src\logged_in\components\Routing.js", "JavaScript", 139, 0, 0, 0, 0, 0, 9, 148
"c:\Users\griss\OneDrive\Bureau\KineDoc\client\src\logged_in\components\dashboard\Dashboard.js", "JavaScript", 94, 0, 0, 0, 0, 0, 8, 102
"c:\Users\griss\OneDrive\Bureau\KineDoc\client\src\logged_in\components\navigation\NavBar.js", "JavaScript", 629, 0, 0, 0, 0, 1, 17, 647
"c:\Users\griss\OneDrive\Bureau\KineDoc\client\src\logged_in\components\navigation\SelectDoctor.js", "JavaScript", 56, 0, 0, 0, 0, 0, 5, 61
"c:\Users\griss\OneDrive\Bureau\KineDoc\client\src\logged_in\components\navigation\SideDrawer.js", "JavaScript", 150, 0, 0, 0, 0, 8, 18, 176
"c:\Users\griss\OneDrive\Bureau\KineDoc\client\src\logged_in\dummy_data\persons.js", "JavaScript", 43, 0, 0, 0, 0, 0, 1, 44
"c:\Users\griss\OneDrive\Bureau\KineDoc\client\src\logged_out\components\Main.js", "JavaScript", 115, 0, 0, 0, 0, 0, 18, 133
"c:\Users\griss\OneDrive\Bureau\KineDoc\client\src\logged_out\components\Routing.js", "JavaScript", 19, 0, 0, 0, 0, 0, 4, 23
"c:\Users\griss\OneDrive\Bureau\KineDoc\client\src\logged_out\components\cookies\CookieConsent.js", "JavaScript", 108, 0, 0, 0, 0, 3, 10, 121
"c:\Users\griss\OneDrive\Bureau\KineDoc\client\src\logged_out\components\cookies\CookieRulesDialog.js", "JavaScript", 150, 0, 0, 0, 0, 0, 5, 155
"c:\Users\griss\OneDrive\Bureau\KineDoc\client\src\logged_out\components\cookies\fetchIpData.js", "JavaScript", 19, 0, 0, 0, 0, 4, 2, 25
"c:\Users\griss\OneDrive\Bureau\KineDoc\client\src\logged_out\components\footer\Footer.js", "JavaScript", 78, 0, 0, 0, 0, 175, 6, 259
"c:\Users\griss\OneDrive\Bureau\KineDoc\client\src\logged_out\components\home\HeadSection.js", "JavaScript", 276, 0, 0, 0, 0, 5, 9, 290
"c:\Users\griss\OneDrive\Bureau\KineDoc\client\src\logged_out\components\home\Home.js", "JavaScript", 380, 0, 0, 0, 0, 9, 25, 414
"c:\Users\griss\OneDrive\Bureau\KineDoc\client\src\logged_out\components\home\style.js", "JavaScript", 244, 0, 0, 0, 0, 0, 2, 246
"c:\Users\griss\OneDrive\Bureau\KineDoc\client\src\logged_out\components\navigation\NavBar.js", "JavaScript", 159, 0, 0, 0, 0, 12, 8, 179
"c:\Users\griss\OneDrive\Bureau\KineDoc\client\src\logged_out\components\register_login\ChangePasswordDialog.js", "JavaScript", 88, 0, 0, 0, 0, 0, 7, 95
"c:\Users\griss\OneDrive\Bureau\KineDoc\client\src\logged_out\components\register_login\DialogSelector.js", "JavaScript", 82, 0, 0, 0, 0, 0, 7, 89
"c:\Users\griss\OneDrive\Bureau\KineDoc\client\src\logged_out\components\register_login\LoginDialog.js", "JavaScript", 193, 0, 0, 0, 0, 1, 8, 202
"c:\Users\griss\OneDrive\Bureau\KineDoc\client\src\logged_out\components\register_login\RegisterDialog.js", "JavaScript", 251, 0, 0, 0, 0, 1, 7, 259
"c:\Users\griss\OneDrive\Bureau\KineDoc\client\src\logged_out\components\register_login\TermsOfServiceDialog.js", "JavaScript", 196, 0, 0, 0, 0, 0, 5, 201
"c:\Users\griss\OneDrive\Bureau\KineDoc\client\src\reducers\agendas.js", "JavaScript", 28, 0, 0, 0, 0, 0, 3, 31
"c:\Users\griss\OneDrive\Bureau\KineDoc\client\src\reducers\appointments.js", "JavaScript", 34, 0, 0, 0, 0, 1, 3, 38
"c:\Users\griss\OneDrive\Bureau\KineDoc\client\src\reducers\auth.js", "JavaScript", 18, 0, 0, 0, 0, 0, 3, 21
"c:\Users\griss\OneDrive\Bureau\KineDoc\client\src\reducers\chats.js", "JavaScript", 28, 0, 0, 0, 0, 0, 2, 30
"c:\Users\griss\OneDrive\Bureau\KineDoc\client\src\reducers\doctors.js", "JavaScript", 26, 0, 0, 0, 0, 0, 3, 29
"c:\Users\griss\OneDrive\Bureau\KineDoc\client\src\reducers\etablissements.js", "JavaScript", 32, 0, 0, 0, 0, 0, 4, 36
"c:\Users\griss\OneDrive\Bureau\KineDoc\client\src\reducers\events.js", "JavaScript", 14, 0, 0, 0, 0, 0, 3, 17
"c:\Users\griss\OneDrive\Bureau\KineDoc\client\src\reducers\patients.js", "JavaScript", 31, 0, 0, 0, 0, 0, 3, 34
"c:\Users\griss\OneDrive\Bureau\KineDoc\client\src\reducers\posts.js", "JavaScript", 38, 0, 0, 0, 0, 0, 3, 41
"c:\Users\griss\OneDrive\Bureau\KineDoc\client\src\reducers\resas.js", "JavaScript", 38, 0, 0, 0, 0, 0, 3, 41
"c:\Users\griss\OneDrive\Bureau\KineDoc\client\src\reducers\settings.js", "JavaScript", 22, 0, 0, 0, 0, 0, 2, 24
"c:\Users\griss\OneDrive\Bureau\KineDoc\client\src\reducers\users.js", "JavaScript", 24, 0, 0, 0, 0, 1, 2, 27
"c:\Users\griss\OneDrive\Bureau\KineDoc\client\src\service-worker.js", "JavaScript", 37, 0, 0, 0, 0, 24, 12, 73
"c:\Users\griss\OneDrive\Bureau\KineDoc\client\src\serviceWorkerRegistration.js", "JavaScript", 94, 0, 0, 0, 0, 31, 13, 138
"c:\Users\griss\OneDrive\Bureau\KineDoc\client\src\setupTests.js", "JavaScript", 1, 0, 0, 0, 0, 4, 1, 6
"c:\Users\griss\OneDrive\Bureau\KineDoc\client\src\shared\components\ActionPaper.js", "JavaScript", 71, 0, 0, 0, 0, 0, 5, 76
"c:\Users\griss\OneDrive\Bureau\KineDoc\client\src\shared\components\Bordered.js", "JavaScript", 46, 0, 0, 0, 0, 0, 5, 51
"c:\Users\griss\OneDrive\Bureau\KineDoc\client\src\shared\components\ButtonCircularProgress.js", "JavaScript", 25, 0, 0, 0, 0, 0, 5, 30
"c:\Users\griss\OneDrive\Bureau\KineDoc\client\src\shared\components\CardChart.js", "JavaScript", 207, 0, 0, 0, 0, 0, 15, 222
"c:\Users\griss\OneDrive\Bureau\KineDoc\client\src\shared\components\ColoredButton.js", "JavaScript", 26, 0, 0, 0, 0, 0, 4, 30
"c:\Users\griss\OneDrive\Bureau\KineDoc\client\src\shared\components\ColorfulChip.js", "JavaScript", 23, 0, 0, 0, 0, 0, 4, 27
"c:\Users\griss\OneDrive\Bureau\KineDoc\client\src\shared\components\ConfirmationDialog.js", "JavaScript", 48, 0, 0, 0, 0, 0, 4, 52
"c:\Users\griss\OneDrive\Bureau\KineDoc\client\src\shared\components\ConsecutiveSnackbarMessages.js", "JavaScript", 68, 0, 0, 0, 0, 3, 11, 82
"c:\Users\griss\OneDrive\Bureau\KineDoc\client\src\shared\components\DateTimePicker.js", "JavaScript", 63, 0, 0, 0, 0, 0, 5, 68
"c:\Users\griss\OneDrive\Bureau\KineDoc\client\src\shared\components\DialogTitleWithCloseIcon.js", "JavaScript", 57, 0, 0, 0, 0, 0, 4, 61
"c:\Users\griss\OneDrive\Bureau\KineDoc\client\src\shared\components\Dropzone.js", "JavaScript", 65, 0, 0, 0, 0, 0, 6, 71
"c:\Users\griss\OneDrive\Bureau\KineDoc\client\src\shared\components\EmojiTextArea.js", "JavaScript", 184, 0, 0, 0, 0, 5, 10, 199
"c:\Users\griss\OneDrive\Bureau\KineDoc\client\src\shared\components\EnhancedTableHead.js", "JavaScript", 84, 0, 0, 0, 0, 0, 6, 90
"c:\Users\griss\OneDrive\Bureau\KineDoc\client\src\shared\components\FormDialog.js", "JavaScript", 74, 0, 0, 0, 0, 4, 5, 83
"c:\Users\griss\OneDrive\Bureau\KineDoc\client\src\shared\components\HelpIcon.js", "JavaScript", 61, 0, 0, 0, 0, 4, 8, 73
"c:\Users\griss\OneDrive\Bureau\KineDoc\client\src\shared\components\HighlightedInformation.js", "JavaScript", 30, 0, 0, 0, 0, 0, 5, 35
"c:\Users\griss\OneDrive\Bureau\KineDoc\client\src\shared\components\ImageCropper.js", "JavaScript", 315, 0, 0, 0, 0, 0, 8, 323
"c:\Users\griss\OneDrive\Bureau\KineDoc\client\src\shared\components\ImageCropperDialog.js", "JavaScript", 73, 0, 0, 0, 0, 0, 7, 80
"c:\Users\griss\OneDrive\Bureau\KineDoc\client\src\shared\components\ModalBackdrop.js", "JavaScript", 24, 0, 0, 0, 0, 0, 5, 29
"c:\Users\griss\OneDrive\Bureau\KineDoc\client\src\shared\components\NavigationDrawer.js", "JavaScript", 127, 0, 0, 0, 0, 4, 7, 138
"c:\Users\griss\OneDrive\Bureau\KineDoc\client\src\shared\components\Pace.js", "JavaScript", 878, 0, 0, 0, 0, 5, 8, 891
"c:\Users\griss\OneDrive\Bureau\KineDoc\client\src\shared\components\PropsRoute.js", "JavaScript", 17, 0, 0, 0, 0, 5, 5, 27
"c:\Users\griss\OneDrive\Bureau\KineDoc\client\src\shared\components\SelfAligningImage.js", "JavaScript", 83, 0, 0, 0, 0, 0, 7, 90
"c:\Users\griss\OneDrive\Bureau\KineDoc\client\src\shared\components\ShareButton.js", "JavaScript", 217, 0, 0, 0, 0, 3, 4, 224
"c:\Users\griss\OneDrive\Bureau\KineDoc\client\src\shared\components\ShareButtons.js", "JavaScript", 285, 0, 0, 0, 0, 3, 4, 292
"c:\Users\griss\OneDrive\Bureau\KineDoc\client\src\shared\components\VertOptions.js", "JavaScript", 80, 0, 0, 0, 0, 0, 8, 88
"c:\Users\griss\OneDrive\Bureau\KineDoc\client\src\shared\components\VisibilityPasswordTextField.js", "JavaScript", 31, 0, 0, 0, 0, 0, 3, 34
"c:\Users\griss\OneDrive\Bureau\KineDoc\client\src\shared\components\WaveBorder.js", "JavaScript", 62, 0, 0, 0, 0, 3, 5, 70
"c:\Users\griss\OneDrive\Bureau\KineDoc\client\src\shared\components\ZoomImage.js", "JavaScript", 103, 0, 0, 0, 0, 0, 9, 112
"c:\Users\griss\OneDrive\Bureau\KineDoc\client\src\shared\functions\countWithEmojis.js", "JavaScript", 5, 0, 0, 0, 0, 6, 3, 14
"c:\Users\griss\OneDrive\Bureau\KineDoc\client\src\shared\functions\currencyPrettyPrint.js", "JavaScript", 8, 0, 0, 0, 0, 0, 2, 10
"c:\Users\griss\OneDrive\Bureau\KineDoc\client\src\shared\functions\getSorting.js", "JavaScript", 15, 0, 0, 0, 0, 0, 2, 17
"c:\Users\griss\OneDrive\Bureau\KineDoc\client\src\shared\functions\shadeColor.js", "JavaScript", 17, 0, 0, 0, 0, 0, 2, 19
"c:\Users\griss\OneDrive\Bureau\KineDoc\client\src\shared\functions\smoothScrollTop.js", "JavaScript", 17, 0, 0, 0, 0, 10, 4, 31
"c:\Users\griss\OneDrive\Bureau\KineDoc\client\src\shared\functions\stableSort.js", "JavaScript", 10, 0, 0, 0, 0, 0, 1, 11
"c:\Users\griss\OneDrive\Bureau\KineDoc\client\src\shared\functions\toArray.js", "JavaScript", 327, 0, 0, 0, 0, 507, 120, 954
"c:\Users\griss\OneDrive\Bureau\KineDoc\client\src\shared\functions\unixToDateString.js", "JavaScript", 7, 0, 0, 0, 0, 0, 2, 9
"c:\Users\griss\OneDrive\Bureau\KineDoc\client\src\shared\functions\useLocationBlocker.js", "JavaScript", 18, 0, 0, 0, 0, 6, 4, 28
"c:\Users\griss\OneDrive\Bureau\KineDoc\client\src\store.js", "JavaScript", 29, 0, 0, 0, 0, 0, 1, 30
"c:\Users\griss\OneDrive\Bureau\KineDoc\client\src\style.css", "CSS", 0, 0, 36, 0, 0, 12, 8, 56
"c:\Users\griss\OneDrive\Bureau\KineDoc\client\src\theme.js", "JavaScript", 109, 0, 0, 0, 0, 12, 7, 128
"c:\Users\griss\OneDrive\Bureau\KineDoc\controllers\agendas.js", "JavaScript", 195, 0, 0, 0, 0, 0, 16, 211
"c:\Users\griss\OneDrive\Bureau\KineDoc\controllers\appointments.js", "JavaScript", 390, 0, 0, 0, 0, 131, 66, 587
"c:\Users\griss\OneDrive\Bureau\KineDoc\controllers\auth.js", "JavaScript", 35, 0, 0, 0, 0, 6, 5, 46
"c:\Users\griss\OneDrive\Bureau\KineDoc\controllers\chat.js", "JavaScript", 122, 0, 0, 0, 0, 1, 30, 153
"c:\Users\griss\OneDrive\Bureau\KineDoc\controllers\doctors.js", "JavaScript", 148, 0, 0, 0, 0, 0, 35, 183
"c:\Users\griss\OneDrive\Bureau\KineDoc\controllers\etablissement.js", "JavaScript", 70, 0, 0, 0, 0, 0, 8, 78
"c:\Users\griss\OneDrive\Bureau\KineDoc\controllers\events.js", "JavaScript", 39, 0, 0, 0, 0, 0, 8, 47
"c:\Users\griss\OneDrive\Bureau\KineDoc\controllers\patients.js", "JavaScript", 207, 0, 0, 0, 0, 52, 39, 298
"c:\Users\griss\OneDrive\Bureau\KineDoc\controllers\posts.js", "JavaScript", 119, 0, 0, 0, 0, 0, 13, 132
"c:\Users\griss\OneDrive\Bureau\KineDoc\controllers\resas.js", "JavaScript", 136, 0, 0, 0, 0, 32, 15, 183
"c:\Users\griss\OneDrive\Bureau\KineDoc\controllers\settings.js", "JavaScript", 51, 0, 0, 0, 0, 12, 14, 77
"c:\Users\griss\OneDrive\Bureau\KineDoc\controllers\users.js", "JavaScript", 137, 0, 0, 0, 0, 5, 14, 156
"c:\Users\griss\OneDrive\Bureau\KineDoc\cronJob.js", "JavaScript", 50, 0, 0, 0, 0, 3, 6, 59
"c:\Users\griss\OneDrive\Bureau\KineDoc\index.js", "JavaScript", 46, 0, 0, 0, 0, 4, 15, 65
"c:\Users\griss\OneDrive\Bureau\KineDoc\middleware\auth.js", "JavaScript", 22, 0, 0, 0, 0, 0, 9, 31
"c:\Users\griss\OneDrive\Bureau\KineDoc\models\agenda.js", "JavaScript", 10, 0, 0, 0, 0, 0, 3, 13
"c:\Users\griss\OneDrive\Bureau\KineDoc\models\appointment.js", "JavaScript", 19, 0, 0, 0, 0, 0, 2, 21
"c:\Users\griss\OneDrive\Bureau\KineDoc\models\chat.js", "JavaScript", 14, 0, 0, 0, 0, 0, 2, 16
"c:\Users\griss\OneDrive\Bureau\KineDoc\models\doctor.js", "JavaScript", 7, 0, 0, 0, 0, 0, 2, 9
"c:\Users\griss\OneDrive\Bureau\KineDoc\models\etablissement.js", "JavaScript", 13, 0, 0, 0, 0, 0, 3, 16
"c:\Users\griss\OneDrive\Bureau\KineDoc\models\event.js", "JavaScript", 14, 0, 0, 0, 0, 0, 5, 19
"c:\Users\griss\OneDrive\Bureau\KineDoc\models\patient.js", "JavaScript", 20, 0, 0, 0, 0, 0, 2, 22
"c:\Users\griss\OneDrive\Bureau\KineDoc\models\post.js", "JavaScript", 12, 0, 0, 0, 0, 0, 3, 15
"c:\Users\griss\OneDrive\Bureau\KineDoc\models\resa.js", "JavaScript", 14, 0, 0, 0, 0, 0, 2, 16
"c:\Users\griss\OneDrive\Bureau\KineDoc\models\setting.js", "JavaScript", 8, 0, 0, 0, 0, 0, 3, 11
"c:\Users\griss\OneDrive\Bureau\KineDoc\models\template.js", "JavaScript", 10, 0, 0, 0, 0, 0, 3, 13
"c:\Users\griss\OneDrive\Bureau\KineDoc\models\user.js", "JavaScript", 11, 0, 0, 0, 0, 0, 2, 13
"c:\Users\griss\OneDrive\Bureau\KineDoc\package-lock.json", "JSON", 0, 1896, 0, 0, 0, 0, 1, 1897
"c:\Users\griss\OneDrive\Bureau\KineDoc\package.json", "JSON", 0, 33, 0, 0, 0, 0, 1, 34
"c:\Users\griss\OneDrive\Bureau\KineDoc\routes\agendas.js", "JavaScript", 14, 0, 0, 0, 0, 0, 4, 18
"c:\Users\griss\OneDrive\Bureau\KineDoc\routes\appointments.js", "JavaScript", 15, 0, 0, 0, 0, 2, 4, 21
"c:\Users\griss\OneDrive\Bureau\KineDoc\routes\auth.js", "JavaScript", 6, 0, 0, 0, 0, 0, 2, 8
"c:\Users\griss\OneDrive\Bureau\KineDoc\routes\chat.js", "JavaScript", 22, 0, 0, 0, 0, 0, 4, 26
"c:\Users\griss\OneDrive\Bureau\KineDoc\routes\doctor.js", "JavaScript", 12, 0, 0, 0, 0, 0, 4, 16
"c:\Users\griss\OneDrive\Bureau\KineDoc\routes\etablissement.js", "JavaScript", 10, 0, 0, 0, 0, 0, 5, 15
"c:\Users\griss\OneDrive\Bureau\KineDoc\routes\events.js", "JavaScript", 6, 0, 0, 0, 0, 0, 5, 11
"c:\Users\griss\OneDrive\Bureau\KineDoc\routes\patient.js", "JavaScript", 25, 0, 0, 0, 0, 1, 4, 30
"c:\Users\griss\OneDrive\Bureau\KineDoc\routes\posts.js", "JavaScript", 16, 0, 0, 0, 0, 0, 5, 21
"c:\Users\griss\OneDrive\Bureau\KineDoc\routes\resas.js", "JavaScript", 14, 0, 0, 0, 0, 1, 3, 18
"c:\Users\griss\OneDrive\Bureau\KineDoc\routes\settings.js", "JavaScript", 9, 0, 0, 0, 0, 0, 3, 12
"c:\Users\griss\OneDrive\Bureau\KineDoc\routes\users.js", "JavaScript", 11, 0, 0, 0, 0, 1, 4, 16
"Total", "-", 17777, 19978, 36, 33, 55, 1260, 1555, 40694